#Base pair	Mean Quality Score
1	30.976799191326524
2	31.367127875216827
3	35.28588358543677
4	35.87855724291644
5	35.97782136431316
6	39.34549065939987
7	39.09700976940646
8	38.96810668373936
