#Base pair	Mean Quality Score
1	30.952484060180197
2	30.499044086383872
3	34.044829955594786
4	35.16884183418744
5	35.30817093235539
6	38.49276814834963
7	37.44714984155329
8	37.89521262455394
